Sample_id	Sample	extraction_ID	Coral	Treatment	Tank	Settlement	Percent_settled	input	filtered	percentage.of.input.passed.filter	denoised	merged	percentage.of.input.merged	non.chimeric	percentage.of.input.non.chimeric
SE3469_S1	SE3469	1477	Plob	Light_2M	MIS5C	None	0	8636	8078	93.54	7655	7258	84.04	7258	84.04
SE3470_S13	SE3470	1487	Plob	Light_2M	MIS5C	None	0	32615	30626	93.9	29865	29066	89.12	28948	88.76
SE3471_S25	SE3471	1479	Plob	Light_2M	MIS5C	None	0	9316	8669	93.05	8360	7920	85.02	7886	84.65
SE3472_S37	SE3472	1498	Plob	Light_2M	MIS5C	None	0	21294	19846	93.2	19402	18645	87.56	18558	87.15
SE3473_S49	SE3473	1493	Plob	Light_2M	MIS5C	None	0	9331	8711	93.36	8399	7904	84.71	7851	84.14
SE3474_S61	SE3474	1499	Plob	Light_2M	MIS5C	None	0	77805	72396	93.05	71218	69333	89.11	68826	88.46
SE3475_S73	SE3475	1501	Plob	Light_2M	MIS5C	None	0	25903	24340	93.97	23664	22602	87.26	22449	86.67
SE3476_S271	SE3476	1502	Plob	Light_2M	MIS5C	None	0	97388	90202	92.62	89117	87178	89.52	86403	88.72
SE3476_S85	SE3476	1502	Plob	Light_2M	MIS5C	None	0	4493	4102	91.3	3705	3389	75.43	3389	75.43
SE3477_S2	SE3477	1507	Plob	Light_2M	MIS5C	None	0	17896	16773	93.72	16221	15469	86.44	15378	85.93
SE3478_S14	SE3478	1480	Plob	Light_2M	MIS5C	Low	16.66666667	59373	55981	94.29	55141	53653	90.37	53477	90.07
SE3479_S26	SE3479	1481	Plob	Light_2M	MIS5C	Low	16.66666667	22025	20529	93.21	20081	19340	87.81	19178	87.07
SE3480_S38	SE3480	1483	Plob	Light_2M	MIS5C	Low	16.66666667	7051	6533	92.65	6225	5884	83.45	5884	83.45
SE3481_S50	SE3481	1484	Plob	Light_2M	MIS5C	Low	20	48892	45733	93.54	44910	43477	88.92	43284	88.53
SE3482_S62	SE3482	1491	Plob	Light_2M	MIS5C	Low	16.66666667	28307	26543	93.77	25941	25030	88.42	24864	87.84
SE3483_S74	SE3483	1492	Plob	Light_2M	MIS5C	Low	20	20023	18767	93.73	18177	17438	87.09	17366	86.73
SE3484_S86	SE3484	1489	Plob	Light_2M	MIS5C	Low	50	9100	8511	93.53	8092	7565	83.13	7509	82.52
SE3485_S3	SE3485	1496	Plob	Light_2M	MIS5C	Low	25	25559	24062	94.14	23267	22329	87.36	22210	86.9
SE3486_S15	SE3486	1497	Plob	Light_2M	MIS5C	Low	33.33333333	28682	26953	93.97	26145	25064	87.39	24829	86.57
SE3487_S27	SE3487	1478	Plob	Light_2M	MIS5C	High	66.66666667	31026	29079	93.72	28235	27201	87.67	27049	87.18
SE3488_S39	SE3488	1490	Plob	Light_2M	MIS5C	High	66.66666667	33868	31611	93.34	30803	29718	87.75	29502	87.11
SE3489_S51	SE3489	1622	Plob	Light_2M	MIS7C	None	0	48852	45709	93.57	44509	42866	87.75	42596	87.19
SE3490_S63	SE3490	1624	Plob	Light_2M	MIS7C	None	0	27317	25651	93.9	24928	23930	87.6	23925	87.58
SE3491_S75	SE3491	1628	Plob	Light_2M	MIS7C	None	0	23121	21718	93.93	21119	20334	87.95	20332	87.94
SE3492_S87	SE3492	1630	Plob	Light_2M	MIS7C	None	0	52932	49762	94.01	48602	46966	88.73	46412	87.68
SE3493_S4	SE3493	1635	Plob	Light_2M	MIS7C	None	0	57903	54482	94.09	53423	51633	89.17	51439	88.84
SE3494_S16	SE3494	1640	Plob	Light_2M	MIS7C	None	0	33263	31244	93.93	30343	28911	86.92	28769	86.49
SE3495_S28	SE3495	1645	Plob	Light_2M	MIS7C	None	0	25655	23319	90.89	22526	21201	82.64	21201	82.64
SE3496_S40	SE3496	1651	Plob	Light_2M	MIS7C	None	0	96122	90131	93.77	88968	86631	90.13	86429	89.92
SE3497_S52	SE3497	1643	Plob	Light_2M	MIS7C	None	0	22071	15498	70.22	14820	13112	59.41	13112	59.41
SE3498_S64	SE3498	1627	Plob	Light_2M	MIS7C	Low	16.66666667	31063	29054	93.53	28231	27090	87.21	27058	87.11
SE3499_S76	SE3499	1621	Plob	Light_2M	MIS7C	Low	16.66666667	28887	27132	93.92	26253	25217	87.3	25200	87.24
SE3500_S88	SE3500	1625	Plob	Light_2M	MIS7C	Low	16.66666667	49383	46177	93.51	45137	43410	87.9	43299	87.68
SE3501_S5	SE3501	1639	Plob	Light_2M	MIS7C	Low	16.66666667	6508	6099	93.72	5756	5391	82.84	5391	82.84
SE3502_S17	SE3502	1633	Plob	Light_2M	MIS7C	Low	16.66666667	16297	15321	94.01	14768	14213	87.21	14213	87.21
SE3503_S29	SE3503	1649	Plob	Light_2M	MIS7C	Low	16.66666667	40817	38353	93.96	37529	36109	88.47	36088	88.41
SE3504_S41	SE3504	1648	Plob	Light_2M	MIS7C	Low	20	38804	36411	93.83	35729	34503	88.92	34448	88.77
SE3505_S53	SE3505	1629	Plob	Light_2M	MIS7C	Low	20	33098	31008	93.69	30321	29253	88.38	29166	88.12
SE3506_S65	SE3506	1642	Plob	Light_2M	MIS7C	Low	20	42783	40322	94.25	39290	37986	88.79	37885	88.55
SE3507_S77	SE3507	1637	Plob	Light_2M	MIS7C	High	60	16175	15296	94.57	14759	14037	86.78	14037	86.78
SE3508_S89	SE3508	1767	Plob	Light_2M	MIS8C	None	0	8451	7844	92.82	7520	7116	84.2	7116	84.2
SE3509_S267	SE3509	1771	Plob	Light_2M	MIS8C	None	0	34898	32048	91.83	31762	30887	88.51	30809	88.28
SE3509_S6	SE3509	1771	Plob	Light_2M	MIS8C	None	0	5683	5219	91.84	4928	4580	80.59	4580	80.59
SE3510_S18	SE3510	1765	Plob	Light_2M	MIS8C	Low	16.66666667	13956	12980	93.01	12535	11960	85.7	11912	85.35
SE3511_S30	SE3511	1778	Plob	Light_2M	MIS8C	Low	16.66666667	24982	23318	93.34	22598	21516	86.13	21486	86.01
SE3512_S42	SE3512	1785	Plob	Light_2M	MIS8C	Low	16.66666667	9457	8791	92.96	8406	7944	84	7922	83.77
SE3513_S269	SE3513	1787	Plob	Light_2M	MIS8C	Low	20	43526	39885	91.63	39507	38947	89.48	38842	89.24
SE3513_S54	SE3513	1787	Plob	Light_2M	MIS8C	Low	20	5324	4923	92.47	4628	4258	79.98	4258	79.98
SE3514_S66	SE3514	1786	Plob	Light_2M	MIS8C	Low	16.66666667	60296	56127	93.09	54883	53411	88.58	53198	88.23
SE3515_S78	SE3515	1769	Plob	Light_2M	MIS8C	Low	33.33333333	74926	69952	93.36	68154	65400	87.29	64357	85.89
SE3516_S90	SE3516	1798	Plob	Light_2M	MIS8C	Low	33.33333333	63672	59534	93.5	57923	55676	87.44	55071	86.49
SE3517_S7	SE3517	1792	Plob	Light_2M	MIS8C	Low	33.33333333	47320	44117	93.23	43125	41807	88.35	41695	88.11
SE3518_S19	SE3518	1781	Plob	Light_2M	MIS8C	Low	33.33333333	43735	40701	93.06	39700	38354	87.7	38180	87.3
SE3519_S31	SE3519	1779	Plob	Light_2M	MIS8C	High	60	52393	48802	93.15	47329	45339	86.54	44998	85.89
SE3520_S43	SE3520	1789	Plob	Light_2M	MIS8C	High	66.66666667	60394	55949	92.64	54172	52052	86.19	51623	85.48
SE3521_S55	SE3521	1799	Plob	Light_2M	MIS8C	High	66.66666667	61833	57708	93.33	55902	53263	86.14	52989	85.7
SE3522_S67	SE3522	1780	Plob	Light_2M	MIS8C	High	83.33333333	64793	60343	93.13	58794	56382	87.02	55818	86.15
SE3523_S79	SE3523	1768	Plob	Light_2M	MIS8C	High	83.33333333	50936	47508	93.27	46347	44954	88.26	44761	87.88
SE3524_S91	SE3524	1777	Plob	Light_2M	MIS8C	High	83.33333333	54578	50796	93.07	49443	47604	87.22	47331	86.72
SE3525_S8	SE3525	1791	Plob	Light_2M	MIS8C	High	100	40618	37598	92.56	36414	34857	85.82	34708	85.45
SE3526_S20	SE3526	1797	Plob	Light_2M	MIS8C	High	100	11529	10744	93.19	10205	9864	85.56	9864	85.56
SE3527_S32	SE3527	1783	Plob	Light_2M	MIS8C	High	83.33333333	34598	32405	93.66	31139	29695	85.83	29428	85.06
SE3528_S44	SE3528	1650	Plob	Tile_ctrl	ctrl	None	0	7350	6090	82.86	6030	5966	81.17	5966	81.17
SE3529_S56	SE3529	1776	Plob	Tile_ctrl	ctrl	None	0	5057	4675	92.45	4599	4533	89.64	4533	89.64
SE3530_S68	SE3530	1482	Plob	Tile_ctrl	ctrl	None	0	4810	4434	92.18	4400	4327	89.96	4327	89.96
SE3531_S80	SE3531	617	Dfav	Light_2M	MIS5C	None	0	25039	23495	93.83	22819	22091	88.23	22091	88.23
SE3532_S92	SE3532	639	Dfav	Light_2M	MIS5C	Low	28.57142857	22906	21417	93.5	20665	19793	86.41	19788	86.39
SE3533_S9	SE3533	628	Dfav	Light_2M	MIS5C	Low	16.66666667	13326	12527	94	12187	11804	88.58	11804	88.58
SE3534_S21	SE3534	616	Dfav	Light_2M	MIS5C	Low	33.33333333	23315	21859	93.76	21230	20536	88.08	20536	88.08
SE3535_S33	SE3535	631	Dfav	Light_2M	MIS5C	Low	33.33333333	63958	59752	93.42	58695	57402	89.75	57323	89.63
SE3536_S45	SE3536	619	Dfav	Light_2M	MIS5C	Low	33.33333333	43987	41104	93.45	40321	39215	89.15	39215	89.15
SE3537_S57	SE3537	622	Dfav	Light_2M	MIS5C	Low	33.33333333	23411	21756	92.93	21107	20424	87.24	20406	87.16
SE3538_S69	SE3538	625	Dfav	Light_2M	MIS5C	Low	50	53713	50409	93.85	49171	47892	89.16	47536	88.5
SE3539_S81	SE3539	627	Dfav	Light_2M	MIS5C	Low	50	41580	38842	93.42	38052	36973	88.92	36973	88.92
SE3540_S93	SE3540	635	Dfav	Light_2M	MIS5C	Low	40	36036	33776	93.73	32821	31965	88.7	31963	88.7
SE3541_S10	SE3541	646	Dfav	Light_2M	MIS5C	High	85.71428571	71984	67281	93.47	65939	64287	89.31	64172	89.15
SE3542_S22	SE3542	637	Dfav	Light_2M	MIS5C	High	83.33333333	27382	25501	93.13	24655	23633	86.31	23567	86.07
SE3543_S34	SE3543	640	Dfav	Light_2M	MIS5C	High	83.33333333	25657	23842	92.93	23120	22378	87.22	22355	87.13
SE3544_S46	SE3544	621	Dfav	Light_2M	MIS5C	High	100	14356	13223	92.11	12696	12048	83.92	12048	83.92
SE3545_S58	SE3545	614	Dfav	Light_2M	MIS5C	High	100	15945	14741	92.45	14105	13455	84.38	13455	84.38
SE3546_S70	SE3546	615	Dfav	Light_2M	MIS5C	High	100	15447	14249	92.24	13706	13180	85.32	13180	85.32
SE3547_S82	SE3547	645	Dfav	Light_2M	MIS5C	High	100	30315	28425	93.77	27508	26642	87.88	26642	87.88
SE3548_S94	SE3548	641	Dfav	Light_2M	MIS5C	High	100	33398	31180	93.36	30338	29404	88.04	29366	87.93
SE3549_S11	SE3549	634	Dfav	Light_2M	MIS5C	High	100	18597	17456	93.86	16772	16168	86.94	16168	86.94
SE3550_S23	SE3550	787	Dfav	Light_2M	MIS7C	None	0	29338	27551	93.91	26350	25230	86	24997	85.2
SE3551_S35	SE3551	760	Dfav	Light_2M	MIS7C	Low	33.33333333	30239	28208	93.28	27355	26170	86.54	26081	86.25
SE3552_S47	SE3552	771	Dfav	Light_2M	MIS7C	Low	16.66666667	26184	24551	93.76	23664	22661	86.55	22628	86.42
SE3553_S59	SE3553	767	Dfav	Light_2M	MIS7C	Low	16.66666667	10223	9551	93.43	8996	8385	82.02	8310	81.29
SE3554_S71	SE3554	776	Dfav	Light_2M	MIS7C	Low	33.33333333	35497	33046	93.1	31956	30641	86.32	30470	85.84
SE3555_S83	SE3555	772	Dfav	Light_2M	MIS7C	Low	33.33333333	29891	27527	92.09	26853	25815	86.36	25618	85.7
SE3556_S236	SE3556	766	Dfav	Light_2M	MIS7C	Low	33.33333333	5846	5384	92.1	4898	4470	76.46	4425	75.69
SE3556_S313	SE3556	766	Dfav	Light_2M	MIS7C	Low	33.33333333	36684	33604	91.6	32424	31367	85.51	31022	84.57
SE3557_S12	SE3557	785	Dfav	Light_2M	MIS7C	Low	42.85714286	21075	19605	93.02	18893	18022	85.51	17958	85.21
SE3558_S24	SE3558	781	Dfav	Light_2M	MIS7C	Low	33.33333333	7345	6762	92.06	6150	5709	77.73	5672	77.22
SE3559_S268	SE3559	764	Dfav	Light_2M	MIS7C	Low	50	90421	82553	91.3	81723	80402	88.92	80218	88.72
SE3559_S36	SE3559	764	Dfav	Light_2M	MIS7C	Low	50	4770	4348	91.15	3841	3478	72.91	3478	72.91
SE3560_S48	SE3560	791	Dfav	Light_2M	MIS7C	High	71.42857143	15686	14323	91.31	13516	12765	81.38	12688	80.89
SE3561_S60	SE3561	789	Dfav	Light_2M	MIS7C	High	66.66666667	10081	9326	92.51	8684	8109	80.44	8091	80.26
SE3562_S270	SE3562	758	Dfav	Light_2M	MIS7C	High	80	275207	251554	91.41	249566	245950	89.37	243645	88.53
SE3562_S72	SE3562	758	Dfav	Light_2M	MIS7C	High	80	2867	2611	91.07	2240	1988	69.34	1988	69.34
SE3563_S84	SE3563	761	Dfav	Light_2M	MIS7C	High	80	8963	8222	91.73	7640	7114	79.37	7050	78.66
SE3564_S237	SE3564	763	Dfav	Light_2M	MIS7C	High	83.33333333	6375	5741	90.05	5332	4893	76.75	4893	76.75
SE3565_S97	SE3565	773	Dfav	Light_2M	MIS7C	High	83.33333333	10492	9649	91.97	8961	8317	79.27	8317	79.27
SE3566_S109	SE3566	770	Dfav	Light_2M	MIS7C	High	100	8875	8133	91.64	7531	6991	78.77	6991	78.77
SE3567_S121	SE3567	783	Dfav	Light_2M	MIS7C	High	83.33333333	9102	8370	91.96	7779	7344	80.69	7310	80.31
SE3568_S133	SE3568	782	Dfav	Light_2M	MIS7C	High	83.33333333	14528	13305	91.58	12595	11884	81.8	11742	80.82
SE3569_S145	SE3569	921	Dfav	Light_2M	MIS8C	None	0	19881	18560	93.36	17833	16942	85.22	16915	85.08
SE3570_S157	SE3570	913	Dfav	Light_2M	MIS8C	Low	33.33333333	13953	12919	92.59	12217	11549	82.77	11549	82.77
SE3571_S169	SE3571	902	Dfav	Light_2M	MIS8C	Low	33.33333333	24276	22677	93.41	21858	21104	86.93	21070	86.79
SE3572_S181	SE3572	901	Dfav	Light_2M	MIS8C	Low	33.33333333	19506	18134	92.97	17377	16822	86.24	16772	85.98
SE3573_S98	SE3573	927	Dfav	Light_2M	MIS8C	Low	42.85714286	40411	37752	93.42	36898	35777	88.53	35637	88.19
SE3574_S110	SE3574	925	Dfav	Light_2M	MIS8C	Low	33.33333333	31842	29820	93.65	28822	27552	86.53	27459	86.24
SE3575_S122	SE3575	904	Dfav	Light_2M	MIS8C	Low	40	25178	23318	92.61	22329	21350	84.8	21322	84.69
SE3576_S134	SE3576	908	Dfav	Light_2M	MIS8C	Low	50	2645	2317	87.6	2025	1830	69.19	1830	69.19
SE3576_S280	SE3576	908	Dfav	Light_2M	MIS8C	Low	50	35963	32077	89.19	31618	31017	86.25	30892	85.9
SE3577_S146	SE3577	914	Dfav	Light_2M	MIS8C	Low	50	12904	11959	92.68	11389	10817	83.83	10801	83.7
SE3578_S158	SE3578	909	Dfav	Light_2M	MIS8C	Low	50	4496	4063	90.37	3592	3329	74.04	3329	74.04
SE3578_S287	SE3578	909	Dfav	Light_2M	MIS8C	Low	50	55886	49643	88.83	48806	47870	85.66	47826	85.58
SE3579_S170	SE3579	926	Dfav	Light_2M	MIS8C	High	66.66666667	3127	2788	89.16	2357	2117	67.7	2117	67.7
SE3579_S292	SE3579	926	Dfav	Light_2M	MIS8C	High	66.66666667	44618	39999	89.65	39437	38807	86.98	38714	86.77
SE3580_S182	SE3580	935	Dfav	Light_2M	MIS8C	High	66.66666667	14468	12860	88.89	12108	11271	77.9	11271	77.9
SE3581_S272	SE3581	932	Dfav	Light_2M	MIS8C	High	80	79896	73456	91.94	72966	72275	90.46	72091	90.23
SE3581_S99	SE3581	932	Dfav	Light_2M	MIS8C	High	80	4011	3668	91.45	3329	3109	77.51	3109	77.51
SE3582_S111	SE3582	915	Dfav	Light_2M	MIS8C	High	83.33333333	33459	31360	93.73	30393	29228	87.35	29053	86.83
SE3583_S123	SE3583	933	Dfav	Light_2M	MIS8C	High	80	13140	11921	90.72	11127	10640	80.97	10640	80.97
SE3584_S135	SE3584	934	Dfav	Light_2M	MIS8C	High	80	26465	24613	93	23695	22639	85.54	22553	85.22
SE3585_S147	SE3585	919	Dfav	Light_2M	MIS8C	High	83.33333333	15153	14009	92.45	13361	12853	84.82	12853	84.82
SE3586_S159	SE3586	931	Dfav	Light_2M	MIS8C	High	100	4213	3450	81.89	3157	2967	70.42	2923	69.38
SE3586_S288	SE3586	931	Dfav	Light_2M	MIS8C	High	100	11254	9370	83.26	9179	8991	79.89	8895	79.04
SE3587_S171	SE3587	917	Dfav	Light_2M	MIS8C	High	85.71428571	2958	2634	89.05	2348	2174	73.5	2174	73.5
SE3587_S293	SE3587	917	Dfav	Light_2M	MIS8C	High	85.71428571	35564	31992	89.96	31698	31092	87.43	31013	87.2
SE3588_S183	SE3588	624	D_fav	Tile_ctrl	ctrl	None	0	2513	2237	89.02	2181	2163	86.07	2163	86.07
SE3588_S295	SE3588	624	D_fav	Tile_ctrl	ctrl	None	0	17302	15452	89.31	15270	15113	87.35	15113	87.35
SE3589_S100	SE3589	786	D_fav	Tile_ctrl	ctrl	None	0	2916	2295	78.7	2255	2240	76.82	2240	76.82
SE3589_S273	SE3589	786	D_fav	Tile_ctrl	ctrl	None	0	14986	12524	83.57	12406	12333	82.3	12333	82.3
SE3590_S112	SE3590	906	D_fav	Tile_ctrl	ctrl	None	0	6902	6348	91.97	5761	5422	78.56	5422	78.56
SE3591_S124	SE3591	1067	Psin	Light_2M	MIS5C	None	0	30236	28496	94.25	27292	26238	86.78	26037	86.11
SE3592_S136	SE3592	1051	Psin	Light_2M	MIS5C	None	0	40838	38075	93.23	36494	33945	83.12	31134	76.24
SE3593_S148	SE3593	1060	Psin	Light_2M	MIS5C	Low	33.33333333	35494	33447	94.23	31912	30612	86.25	30001	84.52
SE3594_S160	SE3594	1057	Psin	Light_2M	MIS5C	Low	33.33333333	34264	32137	93.79	31258	30214	88.18	30168	88.05
SE3595_S172	SE3595	1055	Psin	Light_2M	MIS5C	Low	33.33333333	41074	38559	93.88	37499	35706	86.93	34039	82.87
SE3596_S184	SE3596	1065	Psin	Light_2M	MIS5C	Low	33.33333333	29945	27995	93.49	27123	26169	87.39	26145	87.31
SE3597_S101	SE3597	1076	Psin	Light_2M	MIS5C	Low	20	61729	57830	93.68	56546	54927	88.98	53900	87.32
SE3598_S113	SE3598	1061	Psin	Light_2M	MIS5C	Low	33.33333333	14994	14004	93.4	13432	12905	86.07	12833	85.59
SE3599_S125	SE3599	1066	Psin	Light_2M	MIS5C	Low	16.66666667	12166	11256	92.52	10776	10296	84.63	10296	84.63
SE3600_S137	SE3600	1075	Psin	Light_2M	MIS5C	Low	16.66666667	24743	23058	93.19	22218	21358	86.32	21296	86.07
SE3601_S149	SE3601	1071	Psin	Light_2M	MIS5C	Low	16.66666667	30019	27969	93.17	27313	26549	88.44	25969	86.51
SE3602_S161	SE3602	1045	Psin	Light_2M	MIS5C	High	66.66666667	47332	44135	93.25	42694	41094	86.82	40610	85.8
SE3603_S173	SE3603	1049	Psin	Light_2M	MIS5C	High	66.66666667	71828	67269	93.65	65875	64260	89.46	63909	88.98
SE3604_S185	SE3604	1052	Psin	Light_2M	MIS5C	High	66.66666667	70678	65923	93.27	64260	62447	88.35	61851	87.51
SE3605_S102	SE3605	1059	Psin	Light_2M	MIS5C	High	83.33333333	58639	54835	93.51	53389	51794	88.33	50968	86.92
SE3606_S114	SE3606	1022	Psin	Light_1M	MIS5C	None	0	50683	47243	93.21	46235	45118	89.02	44831	88.45
SE3607_S126	SE3607	1053	Psin	Light_2M	MIS5C	High	66.66666667	85481	79989	93.58	77786	75103	87.86	73376	85.84
SE3608_S138	SE3608	1054	Psin	Light_2M	MIS5C	High	100	37175	34538	92.91	32945	30799	82.85	28571	76.86
SE3609_S150	SE3609	1079	Psin	Light_2M	MIS5C	High	100	34320	32181	93.77	30773	29421	85.73	28290	82.43
SE3610_S162	SE3610	1073	Psin	Light_2M	MIS5C	High	83.33333333	57101	53334	93.4	51609	49697	87.03	48344	84.66
SE3611_S174	SE3611	1195	Psin	Light_2M	MIS7C	None	0	57526	53941	93.77	51726	48866	84.95	48053	83.53
SE3612_S186	SE3612	1190	Psin	Light_2M	MIS7C	None	0	45669	42911	93.96	41790	40172	87.96	40050	87.7
SE3613_S103	SE3613	1211	Psin	Light_2M	MIS7C	Low	16.66666667	7281	6744	92.62	6276	5878	80.73	5878	80.73
SE3614_S115	SE3614	1210	Psin	Light_2M	MIS7C	Low	33.33333333	9907	9194	92.8	8714	8006	80.81	7980	80.55
SE3615_S127	SE3615	1208	Psin	Light_2M	MIS7C	Low	33.33333333	9376	8723	93.04	8147	7470	79.67	7380	78.71
SE3616_S139	SE3616	1213	Psin	Light_2M	MIS7C	Low	50	42132	39407	93.53	37596	35379	83.97	35005	83.08
SE3617_S151	SE3617	1197	Psin	Light_2M	MIS7C	Low	50	50903	47661	93.63	45224	42486	83.46	41627	81.78
SE3618_S163	SE3618	1191	Psin	Light_2M	MIS7C	Low	40	41289	38573	93.42	37144	35824	86.76	35648	86.34
SE3619_S175	SE3619	1215	Psin	Light_2M	MIS7C	High	83.33333333	38767	36508	94.17	34932	32933	84.95	32486	83.8
SE3620_S187	SE3620	1216	Psin	Light_2M	MIS7C	High	83.33333333	46664	43564	93.36	42098	40453	86.69	39891	85.49
SE3621_S104	SE3621	1342	Psin	Light_2M	MIS8C	Low	50	9138	8466	92.65	7982	7450	81.53	7439	81.41
SE3622_S116	SE3622	1347	Psin	Light_2M	MIS8C	Low	50	99217	93067	93.8	91462	89141	89.84	88607	89.31
SE3623_S128	SE3623	1359	Psin	Light_2M	MIS8C	Low	50	3163	2817	89.06	2480	2293	72.49	2293	72.49
SE3623_S276	SE3623	1359	Psin	Light_2M	MIS8C	Low	50	45599	41298	90.57	40974	40452	88.71	40330	88.44
SE3624_S140	SE3624	1343	Psin	Light_2M	MIS8C	High	100	3025	2536	83.83	2431	2346	77.55	2346	77.55
SE3624_S281	SE3624	1343	Psin	Light_2M	MIS8C	High	100	11420	9631	84.33	9366	9308	81.51	9308	81.51
SE3625_S152	SE3625	1345	Psin	Light_2M	MIS8C	High	100	13321	12227	91.79	11657	10978	82.41	10939	82.12
SE3626_S164	SE3626	1340	Psin	Light_2M	MIS8C	High	100	4319	3749	86.8	3454	3205	74.21	3205	74.21
SE3626_S289	SE3626	1340	Psin	Light_2M	MIS8C	High	100	46392	40317	86.91	39840	39326	84.77	39179	84.45
SE3627_S176	SE3627	1352	Psin	Light_2M	MIS8C	High	100	50202	46957	93.54	45385	43705	87.06	43284	86.22
SE3628_S188	SE3628	1351	Psin	Light_2M	MIS8C	High	100	42113	38884	92.33	37714	36508	86.69	36334	86.28
SE3629_S105	SE3629	1346	Psin	Light_2M	MIS8C	High	100	22296	20623	92.5	19669	18806	84.35	18666	83.72
SE3630_S117	SE3630	1353	Psin	Light_2M	MIS8C	High	100	25607	23636	92.3	22836	22131	86.43	22038	86.06
SE3631_S129	SE3631	1365	Psin	Light_2M	MIS8C	High	100	31008	28750	92.72	27759	26657	85.97	26510	85.49
SE3632_S141	SE3632	1354	Psin	Light_2M	MIS8C	High	100	39792	36707	92.25	35260	33791	84.92	33372	83.87
SE3633_S153	SE3633	1214	Psin	Light_2M	MIS7C	High	83.33333333	26341	24380	92.56	22939	21295	80.84	21105	80.12
SE3634_S165	SE3634	1221	Psin	Light_2M	MIS7C	High	85.71428571	36708	33983	92.58	31869	29533	80.45	29186	79.51
SE3635_S177	SE3635	1217	Psin	Light_2M	MIS7C	High	83.33333333	15245	14063	92.25	13314	12516	82.1	12448	81.65
SE3636_S189	SE3636	1222	Psin	Light_2M	MIS7C	High	83.33333333	31249	28948	92.64	27450	25794	82.54	25344	81.1
SE3637_S106	SE3637	1203	Psin	Light_2M	MIS7C	High	100	11367	10357	91.11	9793	9172	80.69	9149	80.49
SE3638_S118	SE3638	1192	Psin	Light_2M	MIS7C	High	100	7486	6894	92.09	6599	6173	82.46	6143	82.06
SE3639_S130	SE3639	1207	Psin	Light_2M	MIS7C	High	100	3162	2636	83.36	2539	2421	76.57	2421	76.57
SE3639_S277	SE3639	1207	Psin	Light_2M	MIS7C	High	100	9768	8446	86.47	8355	8309	85.06	8276	84.73
SE3639_S361	SE3639	1207	Psin	Light_2M	MIS7C	High	100	12303	10058	81.75	9957	9880	80.31	9837	79.96
SE3640_S142	SE3640	1349	Psin	Light_2M	MIS8C	Low	33.33333333	40960	38170	93.19	37416	36133	88.22	36072	88.07
SE3641_S154	SE3641	1363	Psin	Light_2M	MIS8C	Low	33.33333333	2516	2146	85.29	1980	1870	74.32	1870	74.32
SE3641_S284	SE3641	1363	Psin	Light_2M	MIS8C	Low	33.33333333	23649	20903	88.39	20649	20434	86.41	20406	86.29
SE3642_S166	SE3642	1360	Psin	Light_2M	MIS8C	Low	33.33333333	7285	6587	90.42	6150	5810	79.75	5810	79.75
SE3643_S178	SE3643	1362	Psin	Tile_ctrl	ctrl	Low	20	3211	2835	88.29	2803	2780	86.58	2780	86.58
SE3644_S190	SE3644	1062	Psin	Tile_ctrl	ctrl	None	0	2820	2581	91.52	2521	2489	88.26	2489	88.26
SE3645_S107	SE3645	1212	Psin	Tile_ctrl	ctrl	None	0	3272	2197	67.15	2147	2077	63.48	2077	63.48
SE3646_S119	SE3646	1976	Plob	Rubble	Rubble	None	0	2281	2043	89.57	1659	1350	59.18	1350	59.18
SE3646_S275	SE3646	1976	Plob	Rubble	Rubble	None	0	22544	20466	90.78	20034	19385	85.99	19233	85.31
SE3647_S131	SE3647	1975	Plob	Rubble	Rubble	None	0	3289	3058	92.98	2574	2185	66.43	2185	66.43
SE3647_S278	SE3647	1975	Plob	Rubble	Rubble	None	0	23376	21584	92.33	21121	20123	86.08	20058	85.81
SE3648_S143	SE3648	1996	Plob	Rubble	Rubble	Low	33.33333333	1977	1726	87.3	1384	1094	55.34	1094	55.34
SE3648_S282	SE3648	1996	Plob	Rubble	Rubble	Low	33.33333333	16364	14275	87.23	13924	13394	81.85	13367	81.69
SE3649_S155	SE3649	1987	Plob	Rubble	Rubble	Low	20	1886	1615	85.63	1272	1059	56.15	1059	56.15
SE3649_S285	SE3649	1987	Plob	Rubble	Rubble	Low	20	11008	9785	88.89	9507	9124	82.89	9109	82.75
SE3650_S167	SE3650	1973	Plob	Rubble	Rubble	Low	50	2707	2351	86.85	1879	1585	58.55	1585	58.55
SE3650_S290	SE3650	1973	Plob	Rubble	Rubble	Low	50	14874	12944	87.02	12454	11908	80.06	11897	79.99
SE3651_S179	SE3651	2000	Plob	Rubble	Rubble	Low	40	2456	2206	89.82	1926	1602	65.23	1602	65.23
SE3651_S294	SE3651	2000	Plob	Rubble	Rubble	Low	40	14886	13050	87.67	12736	12404	83.33	12404	83.33
SE3652_S238	SE3652	1981	Plob	Rubble	Rubble	High	100	4957	4602	92.84	3752	2955	59.61	2955	59.61
SE3652_S314	SE3652	1981	Plob	Rubble	Rubble	High	100	11820	10844	91.74	9550	8397	71.04	8358	70.71
SE3653_S108	SE3653	1982	Plob	Rubble	Rubble	High	100	3961	3273	82.63	2892	2465	62.23	2465	62.23
SE3653_S274	SE3653	1982	Plob	Rubble	Rubble	High	100	13395	11493	85.8	11100	10559	78.83	10557	78.81
SE3654_S120	SE3654	1983	Plob	Rubble	Rubble	High	100	10777	9777	90.72	8906	8064	74.83	7953	73.8
SE3655_S132	SE3655	1984	Plob	Rubble	Rubble	High	100	3622	3299	91.08	2715	2333	64.41	2333	64.41
SE3655_S279	SE3655	1984	Plob	Rubble	Rubble	High	100	39539	35790	90.52	34875	33676	85.17	33665	85.14
SE3656_S144	SE3656	1985	Plob	Rubble	Rubble	High	100	3626	3239	89.33	2617	2143	59.1	2143	59.1
SE3656_S283	SE3656	1985	Plob	Rubble	Rubble	High	100	39295	35324	89.89	34432	32958	83.87	32782	83.43
SE3657_S156	SE3657	1988	Plob	Rubble	Rubble	High	100	3709	3183	85.82	2574	2097	56.54	2097	56.54
SE3657_S286	SE3657	1988	Plob	Rubble	Rubble	High	100	27612	24179	87.57	23337	22166	80.28	22160	80.25
SE3658_S168	SE3658	1990	Plob	Rubble	Rubble	High	100	3584	3135	87.47	2543	2138	59.65	2138	59.65
SE3658_S291	SE3658	1990	Plob	Rubble	Rubble	High	100	29306	25622	87.43	24839	23663	80.74	23637	80.66
SE3659_S180	SE3659	1991	Plob	Rubble	Rubble	High	100	18929	16945	89.52	15584	13965	73.78	13963	73.77
SE3660_S239	SE3660	1993	Plob	Rubble	Rubble	High	100	5995	3431	57.23	3182	3036	50.64	3011	50.23
SE3660_S315	SE3660	1993	Plob	Rubble	Rubble	High	100	7784	5928	76.16	5470	5358	68.83	5319	68.33
SE3660_S365	SE3660	1993	Plob	Rubble	Rubble	High	100	1127	576	51.11	452	414	36.73	414	36.73
SE3661_S193	SE3661	1995	Plob	Rubble	Rubble	High	100	5599	4643	82.93	4110	3453	61.67	3453	61.67
SE3661_S296	SE3661	1995	Plob	Rubble	Rubble	High	100	10640	8782	82.54	8002	7333	68.92	7333	68.92
SE3662_S199	SE3662	1998	Plob	Rubble_ctrl	ctrl	None	0	4821	4492	93.18	4466	4421	91.7	4421	91.7
SE3663_S205	SE3663	1974	Plob	Rubble_ctrl	ctrl	None	0	15131	14046	92.83	13924	13819	91.33	13819	91.33
SE3664_S211	SE3664	2551	Lcor	Rubble	Rubble	Low	33.3333333	60057	54077	90.04	51026	47364	78.87	46951	78.18
SE3665_S216	SE3665	2555	Lcor	Rubble	Rubble	None	0	6507	5708	87.72	5305	4784	73.52	4771	73.32
SE3665_S305	SE3665	2555	Lcor	Rubble	Rubble	None	0	11056	9805	88.68	9438	8902	80.52	8868	80.21
SE3666_S221	SE3666	2534	Lcor	Rubble	Rubble	Low	16.66666667	5723	5077	88.71	4547	4165	72.78	4130	72.16
SE3666_S307	SE3666	2534	Lcor	Rubble	Rubble	Low	16.66666667	14248	12936	90.79	12446	11818	82.94	11760	82.54
SE3667_S226	SE3667	2542	Lcor	Rubble	Rubble	Low	16.66666667	8770	5155	58.78	5064	4951	56.45	4951	56.45
SE3667_S309	SE3667	2542	Lcor	Rubble	Rubble	Low	16.66666667	13420	9662	72	9462	9384	69.93	9384	69.93
SE3668_S231	SE3668	2545	Lcor	Rubble	Rubble	Low	16.66666667	6954	4297	61.79	4161	4086	58.76	4077	58.63
SE3668_S312	SE3668	2545	Lcor	Rubble	Rubble	Low	16.66666667	11213	8288	73.91	8171	8041	71.71	8029	71.6
SE3669_S194	SE3669	2558	Lcor	Rubble	Rubble	Low	16.66666667	7297	5154	70.63	5018	4763	65.27	4763	65.27
SE3669_S297	SE3669	2558	Lcor	Rubble	Rubble	Low	16.66666667	12091	9787	80.94	9644	9372	77.51	9372	77.51
SE3670_S200	SE3670	2567	Lcor	Rubble	Rubble	Low	16.66666667	7127	5905	82.85	5247	4642	65.13	4642	65.13
SE3670_S299	SE3670	2567	Lcor	Rubble	Rubble	Low	16.66666667	14772	12057	81.62	11149	9806	66.38	9408	63.69
SE3671_S206	SE3671	2564	Lcor	Rubble	Rubble	Low	16.66666667	7286	5421	74.4	5210	4936	67.75	4936	67.75
SE3671_S302	SE3671	2564	Lcor	Rubble	Rubble	Low	16.66666667	9438	7815	82.8	7657	7443	78.86	7394	78.34
SE3671_S362	SE3671	2564	Lcor	Rubble	Rubble	Low	16.66666667	2257	1685	74.66	1450	1249	55.34	1249	55.34
SE3672_S212	SE3672	2533	Lcor	Rubble	Rubble	Low	33.33333333	7502	5141	68.53	4878	4528	60.36	4528	60.36
SE3673_S217	SE3673	2537	Lcor	Rubble	Rubble	Low	33.33333333	7100	5501	77.48	4981	4420	62.25	4420	62.25
SE3673_S306	SE3673	2537	Lcor	Rubble	Rubble	Low	33.33333333	9925	8128	81.89	7563	6918	69.7	6908	69.6
SE3673_S363	SE3673	2537	Lcor	Rubble	Rubble	Low	33.33333333	16241	12256	75.46	11761	11062	68.11	11062	68.11
SE3674_S222	SE3674	2548	Lcor	Rubble	Rubble	Low	33.33333333	42	20	47.62	2	0	0	0	0
SE3674_S308	SE3674	2548	Lcor	Rubble	Rubble	Low	33.33333333	9469	4685	49.48	4617	4572	48.28	4572	48.28
SE3674_S364	SE3674	2548	Lcor	Rubble	Rubble	Low	33.33333333	10149	2529	24.92	2492	2457	24.21	2457	24.21
SE3675_S227	SE3675	2540	Lcor	Rubble	Rubble	Low	33.33333333	9300	5517	59.32	5230	4904	52.73	4891	52.59
SE3675_S310	SE3675	2540	Lcor	Rubble	Rubble	Low	33.33333333	12171	8449	69.42	8176	7929	65.15	7929	65.15
SE3676_S232	SE3676	2546	Lcor	Rubble	Rubble	High	66.66666667	7441	6480	87.09	5836	5260	70.69	5248	70.53
SE3677_S195	SE3677	2549	Lcor	Rubble	Rubble	High	66.66666667	5735	4220	73.58	3799	3401	59.3	3401	59.3
SE3677_S298	SE3677	2549	Lcor	Rubble	Rubble	High	66.66666667	12121	9676	79.83	9269	8925	73.63	8913	73.53
SE3678_S201	SE3678	2561	Lcor	Rubble	Rubble	High	66.66666667	9766	5077	51.99	4982	4832	49.48	4832	49.48
SE3678_S300	SE3678	2561	Lcor	Rubble	Rubble	High	66.66666667	11235	7492	66.68	7339	7183	63.93	7141	63.56
SE3679_S207	SE3679	2559	Lcor	Rubble	Rubble	High	80	6047	5121	84.69	4762	4340	71.77	4326	71.54
SE3679_S303	SE3679	2559	Lcor	Rubble	Rubble	High	80	11298	9899	87.62	9471	8989	79.56	8903	78.8
SE3680_S213	SE3680	2343	Lcor	Rubble	Rubble	Low	50	10157	4596	45.25	4520	4359	42.92	4359	42.92
SE3680_S304	SE3680	2343	Lcor	Rubble	Rubble	Low	50	12748	7395	58.01	7241	7074	55.49	7074	55.49
SE3681_S218	SE3681	2541	Lcor	Rubble	Rubble	High	83.33333333	10431	6277	60.18	5705	5060	48.51	5060	48.51
SE3682_S223	SE3682	2536	Lcor	Rubble	Rubble	High	100	8681	6134	70.66	5881	5549	63.92	5549	63.92
SE3683_S228	SE3683	2565	Lcor	Rubble	Rubble	High	83.33333333	6673	5242	78.56	4980	4727	70.84	4727	70.84
SE3683_S311	SE3683	2565	Lcor	Rubble	Rubble	High	83.33333333	12315	10244	83.18	10012	9630	78.2	9618	78.1
SE3684_S233	SE3684	2562	Lcor	Rubble_ctrl	ctrl	None	0	6369	5307	83.33	5224	5175	81.25	5175	81.25
SE3685_S196	SE3685	2538	Lcor	Rubble_ctrl	ctrl	None	0	10143	7944	78.32	7816	7732	76.23	7732	76.23
SE3686_S202	SE3686	2560	Lcor	Rubble	Rubble	Low	33.3333333	6729	5954	88.48	5196	4678	69.52	4678	69.52
SE3686_S301	SE3686	2560	Lcor	Rubble	Rubble	Low	33.3333333	113239	100827	89.04	98171	95164	84.04	94377	83.34
SE3687_S208	SE3687	MIS5C_22_Sep	tank_water	tank_water	tank_water	tank_water	0	48061	44838	93.29	38105	34420	71.62	33197	69.07
SE3688_S214	SE3688	MIS5C_29_Oct	tank_water	tank_water	tank_water	tank_water	0	48930	45069	92.11	37857	34477	70.46	33979	69.44
SE3689_S219	SE3689	MIS7C_22_Sep	tank_water	tank_water	tank_water	tank_water	0	22851	21319	93.3	16931	15411	67.44	15079	65.99
SE3690_S224	SE3690	MIS7C_29_Oct	tank_water	tank_water	tank_water	tank_water	0	69143	64072	92.67	53557	48254	69.79	46246	66.88
SE3691_S229	SE3691	MIS8C_22_Sep	tank_water	tank_water	tank_water	tank_water	0	48001	45070	93.89	38475	34865	72.63	34525	71.93
SE3692_S234	SE3692	MIS8C_29_Oct	tank_water	tank_water	tank_water	tank_water	0	40014	36950	92.34	31269	28418	71.02	28227	70.54
SE3693_S197	SE3693	Rm7_water_1_Nov_2021	room_water	room_water	room_water	room_water	0	37511	35621	94.96	35165	34405	91.72	31461	83.87
SE3694_S203	SE3694	Rm7_water_29_Oct_2021	room_water	room_water	room_water	room_water	0	67879	64782	95.44	64098	62708	92.38	55072	81.13
SE3695_S209	SE3695	Rm7_water_30_Oct_2021	room_water	room_water	room_water	room_water	0	74508	70943	95.22	69948	68579	92.04	60606	81.34
SE3696_S215	SE3696	Rm7_water_31_Oct_2021	room_water	room_water	room_water	room_water	0	172517	163519	94.78	162193	159151	92.25	140386	81.38
SE3697_S220	SE3697	Lcor larv	Lcor	Larvae	Larvae	Larvae	0	54176	751	1.39	642	616	1.14	616	1.14
SE3698_S225	SE3698	Plob_larve	Plob	Larvae	Larvae	Larvae	0	68168	3435	5.04	3087	2939	4.31	2808	4.12
SE3699_S230	SE3699	Dfav larv	Dfav	Larvae	Larvae	Larvae	0	63668	234	0.37	164	154	0.24	154	0.24
SE3700_S235	SE3700	Psin larv	Psin	Larvae	Larvae	Larvae	0	69681	150	0.22	73	66	0.09	66	0.09
SE3701_S198	SE3701	Blank_1	Blank	Blank	Blank	Blank	0	330	55	16.67	24	19	5.76	19	5.76
SE3702_S204	SE3702	Blank2	Blank	Blank	Blank	Blank	0	251	74	29.48	49	39	15.54	39	15.54
SE3703_S210	SE3703	Blank 3	Blank	Blank	Blank	Blank	0	387	96	24.81	20	17	4.39	17	4.39
SE3704_S242	SE3704	181	Easp	Light_2M	MIS5C	Low	33.33333333	3256	2861	87.87	2616	2511	77.12	2511	77.12
SE3704_S316	SE3704	181	Easp	Light_2M	MIS5C	Low	33.33333333	387	251	64.86	108	98	25.32	98	25.32
SE3704_S366	SE3704	181	Easp	Light_2M	MIS5C	Low	33.33333333	98	47	47.96	30	30	30.61	30	30.61
SE3705_S254	SE3705	182	Easp	Light_2M	MIS5C	High	83.33333333	12554	11611	92.49	11078	10641	84.76	10641	84.76
SE3706_S266	SE3706	183	Easp	Light_2M	MIS5C	Low	50	47076	44408	94.33	42962	41617	88.4	41039	87.18
SE3707_S278	SE3707	184	Easp	Light_2M	MIS5C	Low	50	3205	2900	90.48	2667	2497	77.91	2497	77.91
SE3707_S326	SE3707	184	Easp	Light_2M	MIS5C	Low	50	270	187	69.26	103	92	34.07	92	34.07
SE3707_S367	SE3707	184	Easp	Light_2M	MIS5C	Low	50	191	78	40.84	48	41	21.47	41	21.47
SE3708_S289	SE3708	185	Easp	Light_2M	MIS5C	Low	16.66666667	11800	11104	94.1	10696	10350	87.71	10350	87.71
SE3709_S300	SE3709	187	Easp	Light_2M	MIS5C	High	83.33333333	41056	38646	94.13	37408	36604	89.16	36427	88.73
SE3710_S311	SE3710	190	Easp	Light_2M	MIS5C	Low	33.33333333	37337	35272	94.47	34396	33666	90.17	33434	89.55
SE3711_S323	SE3711	193	Easp	Light_2M	MIS5C	Low	16.66666667	46946	44118	93.98	43391	42510	90.55	42497	90.52
SE3712_S243	SE3712	194	Easp	Light_2M	MIS5C	High	83.33333333	27009	25336	93.81	24483	23787	88.07	23720	87.82
SE3713_S255	SE3713	196	Easp	Light_2M	MIS5C	High	83.33333333	19958	18534	92.87	17870	17403	87.2	17371	87.04
SE3714_S267	SE3714	197	Easp	Light_2M	MIS5C	High	100	30857	29114	94.35	28019	27165	88.04	26891	87.15
SE3715_S279	SE3715	202	Easp	Light_2M	MIS5C	High	100	10413	9651	92.68	9173	8786	84.38	8786	84.38
SE3716_S290	SE3716	203	Easp	Light_2M	MIS5C	None	0	35030	33226	94.85	32009	31130	88.87	30975	88.42
SE3717_S301	SE3717	206	Easp	Light_2M	MIS5C	Low	16.66666667	5690	5336	93.78	4998	4764	83.73	4764	83.73
SE3717_S330	SE3717	206	Easp	Light_2M	MIS5C	Low	16.66666667	102216	94876	92.82	94101	93015	91	92965	90.95
SE3718_S312	SE3718	207	Easp	Light_2M	MIS5C	Low	16.66666667	25915	24683	95.25	23996	23307	89.94	23255	89.74
SE3719_S324	SE3719	208	Easp	Light_2M	MIS5C	High	83.33333333	77599	72989	94.06	71228	69463	89.52	67658	87.19
SE3720_S244	SE3720	209	Easp	Light_2M	MIS5C	High	83.33333333	67067	62903	93.79	60907	59010	87.99	57413	85.61
SE3721_S256	SE3721	211	Easp	Light_2M	MIS5C	High	83.33333333	7897	7305	92.5	6840	6476	82.01	6476	82.01
SE3722_S268	SE3722	280	Easp	Dark_2M	MIS5C	Low	16.66666667	46968	44365	94.46	43480	42645	90.8	42544	90.58
SE3723_S280	SE3723	326	Easp	Light_2M	MIS7C	Low	16.66666667	33686	31247	92.76	30015	28742	85.32	28676	85.13
SE3724_S291	SE3724	328	Easp	Light_2M	MIS7C	None	0	20147	18866	93.64	17948	17086	84.81	17084	84.8
SE3725_S302	SE3725	329	Easp	Light_2M	MIS7C	Low	20	53109	49655	93.5	47846	45924	86.47	45309	85.31
SE3726_S313	SE3726	331	Easp	Light_2M	MIS7C	High	83.33333333	8297	7684	92.61	7136	6600	79.55	6600	79.55
SE3727_S325	SE3727	333	Easp	Light_2M	MIS7C	None	0	69576	64839	93.19	62527	59473	85.48	58883	84.63
SE3728_S245	SE3728	334	Easp	Light_2M	MIS7C	None	0	34971	32649	93.36	31578	30602	87.51	30428	87.01
SE3729_S257	SE3729	335	Easp	Light_2M	MIS7C	Low	16.66666667	3365	3014	89.57	2627	2295	68.2	2295	68.2
SE3729_S318	SE3729	335	Easp	Light_2M	MIS7C	Low	16.66666667	14713	13374	90.9	12803	12207	82.97	12194	82.88
SE3730_S269	SE3730	337	Easp	Light_2M	MIS7C	Low	33.33333333	34078	31981	93.85	30915	29622	86.92	29465	86.46
SE3731_S281	SE3731	339	Easp	Light_2M	MIS7C	Low	33.33333333	5802	5362	92.42	4910	4569	78.75	4520	77.9
SE3731_S327	SE3731	339	Easp	Light_2M	MIS7C	Low	33.33333333	37847	34922	92.27	33907	32914	86.97	32544	85.99
SE3732_S292	SE3732	340	Easp	Light_2M	MIS7C	Low	16.66666667	24840	23389	94.16	22304	21102	84.95	21060	84.78
SE3733_S303	SE3733	341	Easp	Light_2M	MIS7C	Low	16.66666667	3310	3070	92.75	2714	2476	74.8	2476	74.8
SE3733_S331	SE3733	341	Easp	Light_2M	MIS7C	Low	16.66666667	17008	15760	92.66	15240	14792	86.97	14772	86.85
SE3734_S314	SE3734	343	Easp	Light_2M	MIS7C	High	83.33333333	18635	17390	93.32	16555	15776	84.66	15685	84.17
SE3735_S326	SE3735	347	Easp	Light_2M	MIS7C	Low	16.66666667	3178	2922	91.94	2645	2396	75.39	2396	75.39
SE3735_S335	SE3735	347	Easp	Light_2M	MIS7C	Low	16.66666667	30194	27696	91.73	27228	26407	87.46	26363	87.31
SE3736_S246	SE3736	349	Easp	Light_2M	MIS7C	High	66.66666667	41495	38900	93.75	37347	35772	86.21	35552	85.68
SE3737_S258	SE3737	353	Easp	Light_2M	MIS7C	Low	16.66666667	3360	3018	89.82	2626	2389	71.1	2389	71.1
SE3737_S319	SE3737	353	Easp	Light_2M	MIS7C	Low	16.66666667	32170	29951	93.1	28917	27981	86.98	27867	86.62
SE3738_S270	SE3738	356	Easp	Light_2M	MIS7C	High	100	17319	16110	93.02	15383	14676	84.74	14623	84.43
SE3739_S282	SE3739	358	Easp	Light_2M	MIS7C	High	75	41371	38731	93.62	37250	35742	86.39	35429	85.64
SE3740_S293	SE3740	471	Easp	Light_2M	MIS8C	Low	50	29679	27854	93.85	26478	25167	84.8	25044	84.38
SE3741_S304	SE3741	472	Easp	Light_2M	MIS8C	Low	50	23317	21647	92.84	20773	19861	85.18	19821	85.01
SE3742_S315	SE3742	473	Easp	Light_2M	MIS8C	High	100	24148	22224	92.03	21262	20356	84.3	20314	84.12
SE3743_S327	SE3743	475	Easp	Light_2M	MIS8C	Low	50	24190	22526	93.12	21687	20897	86.39	20829	86.11
SE3744_S247	SE3744	477	Easp	Light_2M	MIS8C	Low	33.33333333	43206	40460	93.64	39053	37535	86.87	37432	86.64
SE3745_S259	SE3745	479	Easp	Light_2M	MIS8C	Low	50	3635	3295	90.65	2943	2700	74.28	2700	74.28
SE3745_S320	SE3745	479	Easp	Light_2M	MIS8C	Low	50	65533	60394	92.16	59518	58325	89	58232	88.86
SE3746_S271	SE3746	481	Easp	Light_2M	MIS8C	Low	33.33333333	11766	10998	93.47	10315	9685	82.31	9685	82.31
SE3747_S283	SE3747	484	Easp	Light_2M	MIS8C	Low	16.66666667	7933	7351	92.66	6794	6425	80.99	6425	80.99
SE3748_S294	SE3748	485	Easp	Light_2M	MIS8C	High	100	9491	8708	91.75	8062	7440	78.39	7440	78.39
SE3749_S305	SE3749	489	Easp	Light_2M	MIS8C	High	100	6672	6185	92.7	5666	5320	79.74	5320	79.74
SE3750_S316	SE3750	490	Easp	Light_2M	MIS8C	High	100	10670	9917	92.94	9361	8841	82.86	8754	82.04
SE3751_S328	SE3751	491	Easp	Light_2M	MIS8C	High	100	15932	14621	91.77	14036	13421	84.24	13421	84.24
SE3752_S248	SE3752	493	Easp	Light_2M	MIS8C	High	100	43096	39978	92.76	38583	37317	86.59	37093	86.07
SE3753_S260	SE3753	494	Easp	Light_2M	MIS8C	Low	50	3070	2783	90.65	2431	2273	74.04	2273	74.04
SE3753_S321	SE3753	494	Easp	Light_2M	MIS8C	Low	50	13763	12773	92.81	12237	11744	85.33	11744	85.33
SE3754_S272	SE3754	496	Easp	Light_2M	MIS8C	Low	33.33333333	3764	3480	92.45	3155	2843	75.53	2843	75.53
SE3754_S323	SE3754	496	Easp	Light_2M	MIS8C	Low	33.33333333	35621	32824	92.15	32284	31441	88.27	31402	88.16
SE3755_S284	SE3755	497	Easp	Light_2M	MIS8C	High	100	14224	13147	92.43	12553	11949	84.01	11949	84.01
SE3756_S295	SE3756	502	Easp	Light_2M	MIS8C	High	100	33301	31178	93.62	30049	28965	86.98	28903	86.79
SE3757_S306	SE3757	503	Easp	Light_2M	MIS8C	High	83.33333333	2897	2678	92.44	2461	2211	76.32	2211	76.32
SE3757_S332	SE3757	503	Easp	Light_2M	MIS8C	High	83.33333333	15671	14346	91.54	14145	13875	88.54	13875	88.54
SE3758_S317	SE3758	204	Easp	Tile_ctrl	ctrl	None	0	3172	2895	91.27	2815	2749	86.66	2749	86.66
SE3759_S329	SE3759	330	Easp	Tile_ctrl	ctrl	None	0	14983	13028	86.95	12920	12829	85.62	12829	85.62
SE3760_S249	SE3760	486	Easp	Tile_ctrl	ctrl	Low	16.66666667	332	197	59.34	50	0	0	0	0
SE3761_S261	SE3761	Blank_5	Blank	Blank	Blank	Blank	0	178	33	18.54	1	0	0	0	0
SE3762_S273	SE3762	Blank_6	Blank	Blank	Blank	Blank	0	64	34	53.12	29	0	0	0	0
SE3763_S285	SE3763	Easp_larvae	Easp	Larvae	Larvae	Larvae	0	2799	120	4.29	79	65	2.32	65	2.32
SE3764_S296	SE3764	151	Easp	Light_1M	MIS5C	Low	25	14075	13219	93.92	12542	12008	85.31	12008	85.31
SE3765_S307	SE3765	152	Easp	Light_1M	MIS5C	Low	20	5016	4624	92.19	4378	4176	83.25	4176	83.25
SE3765_S333	SE3765	152	Easp	Light_1M	MIS5C	Low	20	47702	43974	92.18	43512	42779	89.68	42722	89.56
SE3766_S318	SE3766	155	Easp	Light_1M	MIS5C	None	0	3836	3620	94.37	3283	3007	78.39	3007	78.39
SE3766_S334	SE3766	155	Easp	Light_1M	MIS5C	None	0	31879	29779	93.41	29007	28005	87.85	27901	87.52
SE3767_S330	SE3767	157	Easp	Light_1M	MIS5C	None	0	13963	13144	94.13	12598	12110	86.73	12108	86.71
SE3768_S250	SE3768	292	Easp	Light_1M	MIS7C	None	0	38276	35841	93.64	34915	33661	87.94	33542	87.63
SE3769_S262	SE3769	295	Easp	Light_1M	MIS7C	None	0	2846	2543	89.35	2326	2142	75.26	2142	75.26
SE3769_S322	SE3769	295	Easp	Light_1M	MIS7C	None	0	29452	27596	93.7	27096	26415	89.69	26369	89.53
SE3770_S274	SE3770	301	Easp	Light_1M	MIS7C	Low	33.33333333	3031	2768	91.32	2472	2218	73.18	2206	72.78
SE3770_S324	SE3770	301	Easp	Light_1M	MIS7C	Low	33.33333333	21822	20178	92.47	19455	18666	85.54	18592	85.2
SE3771_S286	SE3771	304	Easp	Light_1M	MIS7C	Low	33.33333333	13287	12316	92.69	11724	11087	83.44	11053	83.19
SE3772_S297	SE3772	317	Easp	Light_1M	MIS7C	High	57.14285714	5136	4511	87.83	4281	4052	78.89	4025	78.37
SE3772_S328	SE3772	317	Easp	Light_1M	MIS7C	High	57.14285714	66784	59970	89.8	59381	58423	87.48	58238	87.2
SE3773_S308	SE3773	433	Easp	Light_1M	MIS8C	Low	16.66666667	13646	12688	92.98	12045	11354	83.2	11354	83.2
SE3774_S319	SE3774	434	Easp	Light_1M	MIS8C	None	0	40067	37703	94.1	36581	35407	88.37	35394	88.34
SE3775_S331	SE3775	441	Easp	Light_1M	MIS8C	Low	16.66666667	7855	7228	92.02	6819	6390	81.35	6390	81.35
SE3776_S251	SE3776	442	Easp	Light_1M	MIS8C	None	0	7629	7010	91.89	6375	5976	78.33	5976	78.33
SE3777_S263	SE3777	452	Easp	Light_1M	MIS8C	High	66.66666667	13130	12209	92.99	11692	11087	84.44	11078	84.37
SE3778_S275	SE3778	467	Easp	Light_1M	MIS8C	High	100	2786	2490	89.38	2265	2110	75.74	2110	75.74
SE3778_S325	SE3778	467	Easp	Light_1M	MIS8C	High	100	22228	20067	90.28	19721	19102	85.94	19102	85.94
SE3779_S287	SE3779	260	Easp	Dark_2M	MIS5C	None	0	33365	31010	92.94	28611	26487	79.39	26347	78.97
SE3780_S298	SE3780	266	Easp	Dark_2M	MIS5C	None	0	136568	127042	93.02	122453	117351	85.93	116421	85.25
SE3781_S309	SE3781	267	Easp	Dark_2M	MIS5C	Low	40	72333	66991	92.61	64106	60682	83.89	60350	83.43
SE3782_S320	SE3782	278	Easp	Dark_2M	MIS5C	Low	50	50003	46512	93.02	43303	39977	79.95	39719	79.43
SE3783_S332	SE3783	401	Easp	Dark_2M	MIS7C	Low	16.66666667	58182	53867	92.58	50636	46970	80.73	46541	79.99
SE3784_S252	SE3784	411	Easp	Dark_2M	MIS7C	High	85.71428571	33617	31210	92.84	28654	26462	78.72	26200	77.94
SE3785_S264	SE3785	412	Easp	Dark_2M	MIS7C	None	0	22477	20994	93.4	19073	17397	77.4	17330	77.1
SE3786_S276	SE3786	413	Easp	Dark_2M	MIS7C	Low	16.66666667	25054	23351	93.2	21360	19674	78.53	19595	78.21
SE3787_S288	SE3787	422	Easp	Dark_2M	MIS7C	None	0	21241	19671	92.61	17521	15938	75.03	15860	74.67
SE3788_S299	SE3788	431	Easp	Dark_2M	MIS7C	High	83.33333333	2958	2639	89.22	2135	1904	64.37	1904	64.37
SE3788_S329	SE3788	431	Easp	Dark_2M	MIS7C	High	83.33333333	32343	28757	88.91	27387	25947	80.22	25911	80.11
SE3789_S310	SE3789	550	Easp	Dark_2M	MIS8C	None	0	52178	48671	93.28	45418	42096	80.68	41939	80.38
SE3790_S321	SE3790	553	Easp	Dark_2M	MIS8C	None	0	39258	36751	93.61	34372	31828	81.07	31676	80.69
SE3791_S333	SE3791	565	Easp	Dark_2M	MIS8C	High	66.66666667	44584	41428	92.92	39006	36672	82.25	36532	81.94
SE3792_S253	SE3792	568	Easp	Dark_2M	MIS8C	Low	16.66666667	2530	1675	66.21	1537	1488	58.81	1488	58.81
SE3792_S317	SE3792	568	Easp	Dark_2M	MIS8C	Low	16.66666667	10314	8472	82.14	8361	8330	80.76	8330	80.76
SE3793_S265	SE3793	569	Easp	Dark_2M	MIS8C	High	60	13190	12329	93.47	11152	10282	77.95	10233	77.58
SE3794_S277	SE3794	572	Easp	Dark_2M	MIS8C	Low	16.66666667	40713	37864	93	35440	32835	80.65	32662	80.22
SE6667_S93	SE6667	145	Easp	Light_1M	MIS5C	None	0	34168	28528	83.49	26323	25392	74.32	25274	73.97
SE6668_S94	SE6668	146	Easp	Light_1M	MIS5C	None	0	14643	11184	76.38	9769	9544	65.18	9504	64.9
SE6669_S95	SE6669	147	Easp	Light_1M	MIS5C	None	0	58388	49704	85.13	47603	46565	79.75	46488	79.62
SE6670_S96	SE6670	158	Easp	Light_1M	MIS5C	Low	40	106134	95679	90.15	92807	90946	85.69	89750	84.56
SE6671_S97	SE6671	159	Easp	Light_1M	MIS5C	None	0	10884	7284	66.92	6261	6051	55.6	6051	55.6
SE6672_S98	SE6672	166	Easp	Light_1M	MIS5C	Low	33.33333333	8615	6781	78.71	5975	5780	67.09	5678	65.91
SE6673_S99	SE6673	167	Easp	Light_1M	MIS5C	None	0	7801	7215	92.49	6882	6567	84.18	6567	84.18
SE6674_S100	SE6674	169	Easp	Light_1M	MIS5C	None	0	14052	8838	62.89	7119	6645	47.29	6630	47.18
SE6675_S101	SE6675	170	Easp	Light_1M	MIS5C	None	0	13936	9835	70.57	8705	8304	59.59	8274	59.37
SE6676_S102	SE6676	289	Easp	Light_1M	MIS7C	Low	50	9008	6355	70.55	5440	5031	55.85	5031	55.85
SE6677_S103	SE6677	293	Easp	Light_1M	MIS7C	None	0	27305	23010	84.27	21803	20884	76.48	20844	76.34
SE6678_S104	SE6678	298	Easp	Light_1M	MIS7C	Low	16.66666667	20148	10472	51.98	7794	7540	37.42	7517	37.31
SE6679_S105	SE6679	299	Easp	Light_1M	MIS7C	None	0	41945	36915	88.01	35124	34489	82.22	34469	82.18
SE6680_S106	SE6680	302	Easp	Light_1M	MIS7C	None	0	63624	59128	92.93	58105	56644	89.03	56523	88.84
SE6681_S107	SE6681	303	Easp	Light_1M	MIS7C	Low	16.66666667	5565	4518	81.19	4257	3992	71.73	3960	71.16
SE6681_S280	SE6681	303	Easp	Light_1M	MIS7C	Low	16.66666667	15478	12837	82.94	12631	12271	79.28	12205	78.85
SE6682_S108	SE6682	305	Easp	Light_1M	MIS7C	None	0	50200	47435	94.49	46753	45733	91.1	45730	91.1
SE6683_S109	SE6683	309	Easp	Light_1M	MIS7C	Low	20	26865	25026	93.15	24352	23682	88.15	23628	87.95
SE6684_S110	SE6684	310	Easp	Light_1M	MIS7C	Low	20	22183	20543	92.61	19951	19295	86.98	19261	86.83
SE6685_S111	SE6685	311	Easp	Light_1M	MIS7C	Low	16.66666667	4540	3937	86.72	3782	3638	80.13	3638	80.13
SE6685_S281	SE6685	311	Easp	Light_1M	MIS7C	Low	16.66666667	11300	9564	84.64	9401	9168	81.13	9161	81.07
SE6686_S112	SE6686	315	Easp	Light_1M	MIS7C	None	0	6063	5620	92.69	5393	5170	85.27	5159	85.09
SE6687_S113	SE6687	316	Easp	Light_1M	MIS7C	None	0	21122	19137	90.6	18937	18584	87.98	18564	87.89
SE6688_S114	SE6688	319	Easp	Light_1M	MIS7C	None	0	10173	9089	89.34	8931	8727	85.79	8699	85.51
SE6689_S115	SE6689	323	Easp	Light_1M	MIS7C	Low	16.66666667	15490	13891	89.68	13692	13352	86.2	13280	85.73
SE6690_S116	SE6690	435	Easp	Light_1M	MIS8C	Low	16.66666667	6913	6380	92.29	5979	5741	83.05	5741	83.05
SE6691_S117	SE6691	436	Easp	Light_1M	MIS8C	High	100	6583	5974	90.75	5657	5298	80.48	5290	80.36
SE6692_S118	SE6692	437	Easp	Light_1M	MIS8C	None	0	14124	13099	92.74	12792	12243	86.68	12243	86.68
SE6693_S119	SE6693	443	Easp	Light_1M	MIS8C	None	0	6123	5514	90.05	5223	4957	80.96	4957	80.96
SE6694_S120	SE6694	445	Easp	Light_1M	MIS8C	Low	16.66666667	9061	8368	92.35	8126	7824	86.35	7824	86.35
SE6695_S121	SE6695	446	Easp	Light_1M	MIS8C	Low	16.66666667	11586	10621	91.67	10334	9967	86.03	9947	85.85
SE6696_S122	SE6696	448	Easp	Light_1M	MIS8C	Low	16.66666667	11497	10640	92.55	10314	9986	86.86	9986	86.86
SE6697_S123	SE6697	449	Easp	Light_1M	MIS8C	None	0	4717	4345	92.11	4140	3959	83.93	3959	83.93
SE6697_S282	SE6697	449	Easp	Light_1M	MIS8C	None	0	16301	15161	93.01	14938	14422	88.47	14422	88.47
SE6698_S124	SE6698	451	Easp	Light_1M	MIS8C	High	66.66666667	8084	7427	91.87	7159	6847	84.7	6847	84.7
SE6699_S125	SE6699	453	Easp	Light_1M	MIS8C	Low	20	7652	7025	91.81	6776	6525	85.27	6525	85.27
SE6700_S126	SE6700	454	Easp	Light_1M	MIS8C	Low	28.57142857	7118	6527	91.7	6265	5927	83.27	5927	83.27
SE6701_S127	SE6701	455	Easp	Light_1M	MIS8C	Low	16.66666667	65185	60652	93.05	59850	58322	89.47	58268	89.39
SE6702_S128	SE6702	458	Easp	Light_1M	MIS8C	None	0	9446	8674	91.83	8536	8329	88.17	8313	88.01
SE6703_S129	SE6703	459	Easp	Light_1M	MIS8C	None	0	32258	30143	93.44	29410	28404	88.05	28384	87.99
SE6704_S130	SE6704	461	Easp	Light_1M	MIS8C	None	0	9703	8531	87.92	8364	8099	83.47	8099	83.47
SE6705_S131	SE6705	463	Easp	Light_1M	MIS8C	None	0	4744	4157	87.63	3924	3712	78.25	3712	78.25
SE6705_S283	SE6705	463	Easp	Light_1M	MIS8C	None	0	28579	25715	89.98	25456	24797	86.77	24797	86.77
SE6706_S132	SE6706	259	Easp	Dark_2M	MIS5C	None	0	6935	6157	88.78	5754	5380	77.58	5362	77.32
SE6707_S133	SE6707	261	Easp	Dark_2M	MIS5C	Low	16.66666667	7203	6491	90.12	5776	5221	72.48	5221	72.48
SE6708_S134	SE6708	262	Easp	Dark_2M	MIS5C	Low	16.66666667	5853	5274	90.11	4671	4171	71.26	4171	71.26
SE6708_S284	SE6708	262	Easp	Dark_2M	MIS5C	Low	16.66666667	15270	14014	91.77	13335	12791	83.77	12762	83.58
SE6709_S135	SE6709	263	Easp	Dark_2M	MIS5C	Low	33.33333333	48203	44282	91.87	42321	40484	83.99	40417	83.85
SE6710_S136	SE6710	265	Easp	Dark_2M	MIS5C	Low	33.33333333	7351	6541	88.98	5766	5268	71.66	5246	71.36
SE6711_S137	SE6711	268	Easp	Dark_2M	MIS5C	None	0	126469	114663	90.66	110854	106317	84.07	105730	83.6
SE6712_S138	SE6712	269	Easp	Dark_2M	MIS5C	None	0	189320	173169	91.47	167741	161415	85.26	160489	84.77
SE6713_S139	SE6713	277	Easp	Dark_2M	MIS5C	None	0	4821	4254	88.24	3784	3406	70.65	3406	70.65
SE6713_S285	SE6713	277	Easp	Dark_2M	MIS5C	None	0	18967	17287	91.14	16909	16401	86.47	16299	85.93
SE6714_S140	SE6714	279	Easp	Dark_2M	MIS5C	None	0	7573	6812	89.95	6285	5918	78.15	5913	78.08
SE6715_S141	SE6715	280	Easp	Dark_2M	MIS5C	Low	16.66666667	6238	5708	91.5	5176	4768	76.43	4749	76.13
SE6716_S142	SE6716	281	Easp	Dark_2M	MIS5C	None	0	8370	7744	92.52	7298	6879	82.19	6823	81.52
SE6717_S143	SE6717	283	Easp	Dark_2M	MIS5C	High	66.66666667	17476	15539	88.92	14194	13002	74.4	12962	74.17
SE6718_S144	SE6718	284	Easp	Dark_2M	MIS5C	Low	33.33333333	107463	99323	92.43	96191	92413	86	92184	85.78
SE6719_S145	SE6719	285	Easp	Dark_2M	MIS5C	None	0	16878	15434	91.44	14461	13683	81.07	13683	81.07
SE6720_S146	SE6720	286	Easp	Dark_2M	MIS5C	Low	16.66666667	87812	80791	92	77330	73405	83.59	73335	83.51
SE6721_S147	SE6721	397	Easp	Dark_2M	MIS7C	Low	33.33333333	6303	5606	88.94	4988	4572	72.54	4572	72.54
SE6722_S148	SE6722	400	Easp	Dark_2M	MIS7C	None	0	19219	17589	91.52	16329	15295	79.58	15295	79.58
SE6723_S149	SE6723	403	Easp	Dark_2M	MIS7C	None	0	8168	7415	90.78	6846	6367	77.95	6367	77.95
SE6724_S150	SE6724	404	Easp	Dark_2M	MIS7C	None	0	80131	73739	92.02	71146	68077	84.96	67999	84.86
SE6725_S151	SE6725	406	Easp	Dark_2M	MIS7C	High	66.66666667	8554	7497	87.64	6697	6152	71.92	6054	70.77
SE6726_S152	SE6726	409	Easp	Dark_2M	MIS7C	None	0	9961	8955	89.9	8365	7801	78.32	7801	78.32
SE6727_S153	SE6727	410	Easp	Dark_2M	MIS7C	None	0	12394	11458	92.45	11116	10748	86.72	10719	86.49
SE6728_S154	SE6728	421	Easp	Dark_2M	MIS7C	Low	33.33333333	7250	6564	90.54	6234	5957	82.17	5957	82.17
SE6729_S155	SE6729	423	Easp	Dark_2M	MIS7C	High	66.66666667	43459	39196	90.19	37223	35637	82	35558	81.82
SE6730_S156	SE6730	424	Easp	Dark_2M	MIS7C	Low	50	7255	6516	89.81	5905	5531	76.24	5510	75.95
SE6731_S157	SE6731	425	Easp	Dark_2M	MIS7C	High	66.66666667	51465	44869	87.18	42709	40827	79.33	40753	79.19
SE6732_S158	SE6732	427	Easp	Dark_2M	MIS7C	Low	16.66666667	49577	45635	92.05	43842	41860	84.43	41585	83.88
SE6733_S159	SE6733	428	Easp	Dark_2M	MIS7C	None	0	8180	7518	91.91	6686	6091	74.46	6091	74.46
SE6734_S160	SE6734	429	Easp	Dark_2M	MIS7C	None	0	5047	4615	91.44	4210	3881	76.9	3881	76.9
SE6734_S286	SE6734	429	Easp	Dark_2M	MIS7C	None	0	12006	11062	92.14	10570	10105	84.17	10105	84.17
SE6735_S161	SE6735	541	Easp	Dark_2M	MIS8C	None	0	65568	59963	91.45	57539	54925	83.77	54856	83.66
SE6736_S162	SE6736	542	Easp	Dark_2M	MIS8C	None	0	7748	6421	82.87	6365	6215	80.21	6178	79.74
SE6737_S163	SE6737	543	Easp	Dark_2M	MIS8C	None	0	107792	99557	92.36	96115	92785	86.08	92507	85.82
SE6738_S164	SE6738	544	Easp	Dark_2M	MIS8C	None	0	6110	5616	91.91	4722	4208	68.87	4191	68.59
SE6739_S165	SE6739	545	Easp	Dark_2M	MIS8C	Low	16.66666667	48704	45270	92.95	42846	40250	82.64	40044	82.22
SE6740_S166	SE6740	547	Easp	Dark_2M	MIS8C	Low	16.66666667	17652	16191	91.72	14680	13377	75.78	13340	75.57
SE6741_S167	SE6741	548	Easp	Dark_2M	MIS8C	Low	16.66666667	28005	25682	91.71	23837	22011	78.6	21947	78.37
SE6742_S168	SE6742	555	Easp	Dark_2M	MIS8C	None	0	23831	22187	93.1	20724	19609	82.28	19573	82.13
SE6743_S169	SE6743	556	Easp	Dark_2M	MIS8C	Low	16.66666667	24229	22182	91.55	20609	19455	80.3	19422	80.16
SE6744_S170	SE6744	557	Easp	Dark_2M	MIS8C	None	0	55831	51782	92.75	49223	46695	83.64	46562	83.4
SE6745_S171	SE6745	559	Easp	Dark_2M	MIS8C	Low	16.66666667	87737	81599	93	77741	73818	84.14	73598	83.88
SE6746_S172	SE6746	560	Easp	Dark_2M	MIS8C	None	0	23288	21693	93.15	20070	18660	80.13	18625	79.98
SE6747_S173	SE6747	562	Easp	Dark_2M	MIS8C	Low	16.66666667	41792	38525	92.18	36609	34479	82.5	34226	81.9
SE6748_S174	SE6748	563	Easp	Dark_2M	MIS8C	Low	16.66666667	20530	18879	91.96	17722	16606	80.89	16577	80.75
SE6749_S175	SE6749	ctrl_1080	Psin	Tile_ctrl	ctrl	None	0	6803	6042	88.81	5997	5934	87.23	5934	87.23
SE6750_S176	SE6750	ctrl_0294	Easp	Tile_ctrl	ctrl	None	0	8485	6549	77.18	6502	6364	75	6268	73.87
SE6751_S177	SE6751	ctrl_0405	Easp	Tile_ctrl	ctrl	None	0	7306	6436	88.09	6387	6286	86.04	6286	86.04
SE6752_S178	SE6752	Blank_7	Blank	Blank	Blank	Blank	0	116	84	72.41	73	62	53.45	62	53.45